{
    "RunAllignment": "600086",
    "d_12": 754,
    "d_23": 77,
    "d_2crist": 35,
    "d_1crist": 789,
    "d_13": 831,
    "d_tele1BC1": 949,
    "d_tele1BC2": 2033,
    "offset_x2": -0.5485682479826827,
    "offset_y2": 0.2032977623039198,
    "offset_x3": -0.15368590251347078,
    "offset_y3": 0.16081669777838922,
    "offset_x4": 6.060248038496313,
    "offset_y4": 6.468356939816961,
    "offset_x5": 7.473550546425691,
    "offset_y5": 3.7584738988484485,
    "div_12x": 2.487718339605658e-05,
    "div_12y": 4.195300645890466e-05,
    "div_13x": 2.5053823288893858e-05,
    "div_13y": 4.2227971758387904e-05,
    "div_BC1x": 2.6703885940950482e-05,
    "div_BC1y": -4.355999320197105e-05,
    "div_BC2x": 2.7839242544401937e-05,
    "div_BC2y": -4.3739289267343615e-05
}